"image","xmin","ymin","xmax","ymax","label"
"4_2020-12-24_12-34-00.mp4#t=1.6.jpg",522.502048340844,596.8010287691187,555.5192544039329,613.593067188638,"Kennzeichen"
"4_2020-12-24_12-34-00.mp4#t=2.133333.jpg",553.1257681278165,642.1779406409322,597.4866857845146,658.733384923525,"Kennzeichen"
"4_2020-12-24_12-34-00.mp4#t=1.466667.jpg",508.40843916427696,589.6847687545521,544.7255223269152,605.1924390021851,"Kennzeichen"
"4_2020-12-24_12-34-00.mp4#t=1.8.jpg",544.3230233510857,612.9109386380189,584.2687423187219,629.6261607793153,"Kennzeichen"
"4_2020-12-24_12-34-00_large.jpg",208.31896551724137,827.4824037776193,269.4045709703288,857.8435718104062,"Kennzeichen"
"4_2020-12-24_12-41-32.mp4#t=0.866667.jpg",399.2052437525605,567.0362572833212,425.6687832855388,583.1861116168973,"Kennzeichen"
"4_2020-12-24_12-41-32.mp4#t=0.466667.jpg",355.4065956575174,561.8311862709395,383.83961491192133,576.7642707574654,"Kennzeichen"
"4_2020-12-24_12-41-32.mp4#t=1.jpg",423.61634575993446,570.4469000364167,448.89389594428513,587.5185497086673,"Kennzeichen"
"4_2020-12-24_12-41-32.mp4#t=0.666667.jpg",383.1329373207702,566.6245220320466,407.4641540352315,579.6464175163874,"Kennzeichen"
"4_2020-12-24_12-41-32.mp4#t=1.333333.jpg",456.9100778369521,579.1793745447924,485.8869315854158,595.8823060815731,"Kennzeichen"
"4_2020-12-24_12-41-32.mp4#t=1.666667.jpg",482.92195821384684,588.5079433721777,515.6196231052847,602.1105699198835,"Kennzeichen"
"4_2020-12-24_12-41-32.mp4#t=2.133333.jpg",526.8957394510447,605.014225236708,560.3308070462925,618.5769073197378,"Kennzeichen"
"4_2020-12-24_12-41-32.mp4#t=1.866667.jpg",506.58029496108156,594.2538009832483,535.686194182712,610.8614803350328,"Kennzeichen"
"4_2020-12-24_12-41-32.mp4#t=3.333333.jpg",567.965997541991,653.3378095411507,616.9694797214256,670.8580662782229,"Kennzeichen"
"4_2020-12-24_12-41-32.mp4#t=3.066667.jpg",569.3977877918886,636.7608567006555,608.2036050798854,651.7646121631464,"Kennzeichen"
"4_2020-12-24_12-41-32.mp4#t=3.866667.jpg",514.1079475624745,697.1476693372177,567.5788611224908,715.9830207574654,"Kennzeichen"
"4_2020-12-24_12-41-32.mp4#t=3.666667.jpg",543.5210979106923,681.3542425345958,595.2222449815649,693.5772487254188,"Kennzeichen"
"4_2020-12-24_12-41-32.mp4#t=3.533333.jpg",557.0893076607948,661.1085442461763,608.4217533797624,679.2248953022579,"Kennzeichen"
"4_2020-12-24_12-41-32.mp4#t=4.4.jpg",386.6048750512085,760.133944828842,447.7755018435068,781.946695193008,"Kennzeichen"
"4_2020-12-24_12-41-32.mp4#t=4.2.jpg",450.63908234330194,730.9898488710852,509.31790249897585,753.7581937363437,"Kennzeichen"
"4_2020-12-24_12-41-32.mp4#t=4.6.jpg",323.85190495698487,786.4296931900947,382.0790659565752,815.8011653313911,"Kennzeichen"
"4_2020-12-24_12-41-32.mp4#t=4.066667.jpg",472.9147890208931,719.7900355061909,526.4778779188857,739.6793062636563,"Kennzeichen"
"4_2020-12-24_12-41-32.mp4#t=4.466667.jpg",355.27140516181896,773.1220411507647,416.3560016386727,799.5591314639476,"Kennzeichen"
"4_2020-12-24_12-41-32.mp4#t=4.8.jpg",231.8947152806227,825.8917516387472,290.711798443261,855.4506554989075,"Kennzeichen"
"4_2020-12-24_12-41-32.mp4#t=4.8.jpg",1871.6632527652603,654.2135151128915,1897.9117165096272,675.6974918062637,"Kennzeichen"
"4_2020-12-24_12-41-32.mp4#t=4.666667.jpg",269.0536665301106,809.4192689366351,333.95739451044653,842.5455207574654,"Kennzeichen"
"4_2020-12-24_13-03-33.mp4#t=2.333333.jpg",295.956575174109,560.5038009832483,316.2597296190086,571.7773579752367,"Kennzeichen"
"4_2020-12-24_13-03-33.mp4#t=2.666667.jpg",343.92154854567804,565.349371813547,367.4877099549365,577.9257328841952,"Kennzeichen"
"4_2020-12-24_13-03-33.mp4#t=2.266667.jpg",293.20053256861945,558.5219410050984,308.09299467431384,569.7647714857976,"Kennzeichen"
"4_2020-12-24_13-03-33.mp4#t=2.8.jpg",356.94592380172065,568.0010697378004,383.6061040557149,579.9291014202477,"Kennzeichen"
"4_2020-12-24_13-03-33.mp4#t=2.866667.jpg",369.1990987300287,567.3619583029862,391.8865219172471,579.9751911871814,"Kennzeichen"
"4_2020-12-24_13-03-33.mp4#t=3.066667.jpg",397.74580090127,570.754165149308,425.3369520688243,582.9833166423889,"Kennzeichen"
"4_2020-12-24_13-03-33.mp4#t=3.333333.jpg",437.0002048340844,570.8801438455936,459.0024580090127,584.9774672250546,"Kennzeichen"
"4_2020-12-24_13-03-33.mp4#t=3.6.jpg",474.94264645637037,572.8343499635833,495.88488324457194,586.4922842316096,"Kennzeichen"
"4_2020-12-24_13-03-33.mp4#t=4.266667.jpg",561.913150348218,578.7952931536781,580.9504301515773,591.4884149672251,"Kennzeichen"
"4_2020-12-24_13-03-33.mp4#t=4.466667.jpg",619.7285948381812,581.8433630735616,637.5122900450635,594.4596686088857,"Kennzeichen"
"4_2020-12-24_13-03-33.mp4#t=4.133333.jpg",547.7427283900041,577.535506190823,568.0335927898402,589.2361616897305,"Kennzeichen"
"4_2020-12-24_13-03-33.mp4#t=4.333333.jpg",583.6327324866858,580.1196057902404,601.5823433019254,592.6590950473416,"Kennzeichen"
"4_2020-12-24_13-03-33.mp4#t=4.6.jpg",634.6671446128636,582.510128368536,650.3277345350266,596.2786780772032,"Kennzeichen"
"4_2020-12-24_13-03-33.mp4#t=4.933333.jpg",707.9711183941008,584.5350054624909,722.1292503072511,599.2714402767662,"Kennzeichen"
"4_2020-12-24_13-03-33.mp4#t=4.733333.jpg",672.4436706267924,583.8498042607429,684.6968455551005,596.9024262563729,"Kennzeichen"
"4_2020-12-24_13-03-33.mp4#t=5.2.jpg",767.009422367882,588.7476101602331,779.8832445718969,602.0122450837582,"Kennzeichen"
"4_2020-12-24_13-03-33.mp4#t=4.666667.jpg",656.8967636214667,582.6238164603059,669.8443260958625,595.8208530589949,"Kennzeichen"
"4_2020-12-24_13-03-33.mp4#t=5.066667.jpg",729.9856616140926,588.6339220684632,745.0686194182712,600.4974280772032,"Kennzeichen"
"4_2020-12-24_13-03-33.mp4#t=5.666667.jpg",843.9881196231054,591.7803168244719,850.5786562884065,603.7636562272396,"Kennzeichen"
"4_2020-12-24_13-03-33.mp4#t=5.466667.jpg",805.8459647685376,590.4713674435543,816.2187628021303,603.136835396941,"Kennzeichen"
"4_2020-12-24_13-03-33.mp4#t=5.533333.jpg",829.2984432609587,590.4898033503277,836.6878328553872,604.47036598689,"Kennzeichen"
"4_2020-12-24_13-03-33.mp4#t=5.333333.jpg",791.7431380581729,590.9291924617626,800.7302335108562,602.1136425710124,"Kennzeichen"
"4_2020-12-24_13-03-33.mp4#t=8.333333.jpg",918.7423187218353,580.5897214129643,932.5686194182712,592.3241760742899,"Kennzeichen"
"4_2020-12-24_13-03-33.mp4#t=8.4.jpg",935.026628430971,580.2916742534595,948.972757066776,593.0493217407137,"Kennzeichen"
"4_2020-12-24_13-03-33.mp4#t=8.266667.jpg",902.1691929537076,578.3804852512745,916.3396149119214,591.3839448288419,"Kennzeichen"
"4_2020-12-24_13-03-33.mp4#t=8.466667.jpg",945.0583777140516,579.050323197378,960.6237197869725,593.3627321558631,"Kennzeichen"
"4_2020-12-24_13-03-33.mp4#t=8.866667.jpg",1004.2595247849242,579.1793745447924,1023.5303154444899,593.6853605243991,"Kennzeichen"
"4_2020-12-24_13-03-33.mp4#t=8.8.jpg",991.7851290454732,578.8014384559359,1007.5716919295371,593.1599371813547,"Kennzeichen"
"4_2020-12-24_13-03-33.mp4#t=8.733333.jpg",975.8818107333061,579.2101010560816,992.9065956575175,593.3535142024764,"Kennzeichen"
"4_2020-12-24_13-03-33.mp4#t=9.jpg",1015.3482179434659,580.2332938820102,1031.982793936911,594.0417880553533,"Kennzeichen"
"4_2020-12-24_13-03-33.mp4#t=8.6.jpg",957.157927079066,578.435792971595,976.7482589102827,591.3747268754552,"Kennzeichen"
"4_2020-12-24_13-03-33.mp4#t=9.2.jpg",1040.6257681278166,579.772396212673,1062.4590331831218,592.8741806263656,"Kennzeichen"
"4_2020-12-24_13-03-33.mp4#t=9.133333.jpg",1028.778164686604,580.1103878368536,1047.6833265055307,593.4088219227968,"Kennzeichen"
"4_2020-12-24_13-03-33.mp4#t=9.4.jpg",1066.4686603850882,578.4941733430444,1089.9426464563705,593.0185952294246,"Kennzeichen"
"4_2020-12-24_13-03-33.mp4#t=9.333333.jpg",1054.8730028676773,579.738597050255,1075.2130274477674,591.92780407866,"Kennzeichen"
"4_2020-12-24_13-03-33.mp4#t=9.6.jpg",1086.1757476444081,579.2746267297888,1110.4055714870956,591.2856199927166,"Kennzeichen"
"4_2020-12-24_13-03-33.mp4#t=10.4.jpg",1142.9311757476444,574.6441414785141,1173.017206063089,589.6202430808448,"Kennzeichen"
"4_2020-12-24_13-03-33.mp4#t=10.266667.jpg",1136.125563293732,577.0807538237436,1162.546087668988,588.3604561179898,"Kennzeichen"
"4_2020-12-24_13-03-33.mp4#t=10.066667.jpg",1120.5725112658747,577.5815959577567,1145.4844326095863,588.6984477421704,"Kennzeichen"
"4_2020-12-24_13-03-33.mp4#t=10.6.jpg",1153.7341253584598,575.4553213765477,1181.1931585415814,587.2911735251274,"Kennzeichen"
"4_2020-12-24_13-03-33.mp4#t=9.8.jpg",1104.2974190905368,578.1254552075746,1129.3107333060223,591.7004278951201,"Kennzeichen"
"4_2020-12-24_13-03-33.mp4#t=10.8.jpg",1164.3250716919297,575.0681673343045,1191.5874641540354,586.910164785142,"Kennzeichen"
"4_2020-12-24_13-03-33.mp4#t=10.8.jpg",1871.7308480131096,655.6515158412236,1898.34186808685,673.4821103423161,"Kennzeichen"
"4_2020-12-24_13-03-33.mp4#t=11.466667.jpg",1177.6536255632939,572.8435679169702,1204.95288816059,584.7378004369994,"Kennzeichen"
"4_2020-12-24_13-03-33.mp4#t=10.866667.jpg",1163.606104055715,573.9220684632193,1195.3267103646047,586.4185406045157,"Kennzeichen"
"4_2020-12-24_13-03-33.mp4#t=10.866667.jpg",1872.108766898812,656.1369947195922,1900.0440393281442,674.9262563729061,"Kennzeichen"
"4_2020-12-24_13-03-33.mp4#t=11.2.jpg",1173.6624334289227,574.5550345957756,1200.9125358459648,585.2324972687545,"Kennzeichen"
"4_2020-12-24_13-03-33.mp4#t=11.8.jpg",1181.5495698484228,574.6625773852877,1207.8441212617781,585.8009377276038,"Kennzeichen"
"4_2020-12-24_13-03-54.mp4#t=0.533333.jpg",477.8000819336338,589.8230380553532,502.47541990987304,600.2454706846322,"Kennzeichen"
"4_2020-12-24_13-03-54.mp4#t=0.8.jpg",500.60733306022126,593.6361981063365,526.3887750921754,607.6351966496723,"Kennzeichen"
"4_2020-12-24_13-03-54.mp4#t=1.266667.jpg",538.2025809094633,614.8344182447196,573.1278164686604,627.9054761471231,"Kennzeichen"
"4_2020-12-24_13-03-54.mp4#t=1.866667.jpg",549.9795165915609,651.8721549526584,590.9360917656699,664.2303577931536,"Kennzeichen"
"4_2020-12-24_13-03-54.mp4#t=1.733333.jpg",556.3365424006555,635.98347596504,592.0329782875871,649.7827521849963,"Kennzeichen"
"4_2020-12-24_13-03-54.mp4#t=1.jpg",519.4848422777551,603.3549936270939,546.7287996722655,616.2416924617626,"Kennzeichen"
"4_2020-12-24_13-03-54.mp4#t=2.8.jpg",377.7529700942237,742.100555353241,431.9643588693159,760.9819965404224,"Kennzeichen"
"4_2020-12-24_13-03-54.mp4#t=2.333333.jpg",491.08562064727573,688.7316778951201,540.3011061040557,704.4851602330663,"Kennzeichen"
"4_2020-12-24_13-03-54.mp4#t=2.6.jpg",442.14973371569033,712.3142753095411,495.08603031544453,730.021963765477,"Kennzeichen"
"4_2020-12-24_13-03-54.mp4#t=2.133333.jpg",522.1702171241295,674.1550209395484,568.7587054485867,689.3431354697742,"Kennzeichen"
"4_2020-12-24_13-03-54.mp4#t=2.933333.jpg",347.9035231462516,755.5034595775674,402.575788611225,774.9779224326293,"Kennzeichen"
"4_2020-12-24_13-03-54.mp4#t=3.066667.jpg",1180.7015567390415,575.298616168973,1209.0147480540763,586.1420020029133,"Kennzeichen"
"4_2020-12-24_13-03-54.mp4#t=3.066667.jpg",258.6255632937321,789.6897760378732,312.46517820565344,815.2818872906045,"Kennzeichen"
"4_2020-12-24_13-03-54.mp4#t=3.066667.jpg",1870.594018844736,656.1277767662053,1902.0964768537488,676.0262654770574,"Kennzeichen"
"4_2020-12-24_13-03-54.mp4#t=3.333333.jpg",151.06308889799263,836.1544064093226,199.7869725522327,865.1110706482156,"Kennzeichen"
"4_2020-12-24_13-03-54.mp4#t=3.333333.jpg",1182.7417042195823,573.9159231609614,1209.4356820975013,585.2939502913329,"Kennzeichen"
"4_2020-12-24_13-03-54.mp4#t=3.jpg",296.9244162228595,776.612572833212,351.9469479721426,800.4686361981063,"Kennzeichen"
"4_2020-12-24_13-03-54.mp4#t=3.jpg",1871.7062679229825,657.3445466132556,1896.5014338385909,675.7097824107793,"Kennzeichen"
"4_2020-12-24_13-03-54.mp4#t=3.jpg",1182.431380581729,574.8653723597961,1210.0931995083984,585.865463401311,"Kennzeichen"
"4_2020-12-24_13-03-54.mp4#t=3.2.jpg",217.30028676771815,807.1393617989803,270.45473166734945,831.6529725054625,"Kennzeichen"
"4_2020-12-24_13-03-54.mp4#t=3.2.jpg",1181.4789020893077,574.8069919883467,1209.6538303973782,585.8470274945375,"Kennzeichen"
"4_2020-12-24_13-03-54.mp4#t=3.2.jpg",1873.362351495289,656.6071103423161,1897.6198279393693,675.1997223233794,"Kennzeichen"
"4_2020-12-24_13-03-54.mp4#t=3.2.jpg",208.61429741909055,513.6827430808448,218.42789840229415,520.6422978878368,"Kennzeichen"
"4_2020-12-24_13-03-54.mp4#t=3.2.jpg",148.1964358869316,488.37638838310266,155.17410897173292,493.85185269482884,"Kennzeichen"
"4_2020-12-24_13-11-56.mp4#t=3.jpg",481.31503482179437,586.3017798616169,513.8867267513315,599.2468590677348,"Kennzeichen"
"4_2020-12-24_13-11-56.mp4#t=3.2.jpg",451.68373617369934,575.2863255644573,479.56370340024586,584.1939411871813,"Kennzeichen"
"4_2020-12-24_13-11-56.mp4#t=2.533333.jpg",526.4778779188857,616.9637654770576,564.8412535845965,628.7596731609614,"Kennzeichen"
"4_2020-12-24_13-11-56.mp4#t=2.533333.jpg",1873.0090126997134,655.4302849599417,1901.1009832036052,675.3810087399854,"Kennzeichen"
"4_2020-12-24_13-11-56.mp4#t=2.733333.jpg",507.1149119213437,599.6616669701384,541.0815239655878,610.8307538237436,"Kennzeichen"
"4_2020-12-24_13-11-56.mp4#t=2.133333.jpg",540.2058582548136,660.1283685360524,587.7099549365015,678.7916514930808,"Kennzeichen"
"4_2020-12-24_13-11-56.mp4#t=2.4.jpg",535.5663662433429,630.2775628186453,573.2968045882835,642.0550345957756,"Kennzeichen"
"4_2020-12-24_13-11-56.mp4#t=2.266667.jpg",541.7974190905367,648.7103969410051,585.9371159360918,662.7800664603059,"Kennzeichen"
"4_2020-12-24_13-11-56.mp4#t=1.666667.jpg",415.71999180663664,788.1012154042244,486.62433428922577,812.344432811362,"Kennzeichen"
"4_2020-12-24_13-11-56.mp4#t=1.466667.jpg",380.29393691110204,811.18911598689,449.4961081523966,840.8678532410779,"Kennzeichen"
"4_2020-12-24_13-11-56.mp4#t=1.8.jpg",484.19397787791894,734.2099872541879,545.4137648504711,753.0945010924981,"Kennzeichen"
"4_2020-12-24_13-11-56.mp4#t=1.4.jpg",311.5833674723474,858.858225600874,384.9948791478902,890.481951019665,"Kennzeichen"
"4_2020-12-24_13-11-56.mp4#t=1.4.jpg",1873.0274477673086,657.3722004734159,1896.006759524785,673.4268026219956,"Kennzeichen"
"4_2020-12-24_13-11-56.mp4#t=1.933333.jpg",510.45780417861533,709.616487618354,566.764645637034,725.084213401311,"Kennzeichen"
"4_2020-12-24_13-13-45.mp4#t=1.333333.jpg",190.0071691929537,544.4737800436999,208.48217943465792,552.3274763292061,"Kennzeichen"
"4_2020-12-24_13-13-45.mp4#t=1.466667.jpg",203.79659975419912,548.074927166788,224.9047521507579,555.8425892206847,"Kennzeichen"
"4_2020-12-24_13-13-45.mp4#t=1.466667.jpg",1873.6880376894717,656.717725782957,1898.2189676362148,674.2287645666423,"Kennzeichen"
"4_2020-12-24_13-13-45.mp4#t=2.533333.jpg",354.3803768947153,569.9614211580481,379.4336337566571,579.6617807720321,"Kennzeichen"
"4_2020-12-24_13-13-45.mp4#t=1.533333.jpg",218.73207701761575,550.0690777494538,231.99610815239657,556.4448288419519,"Kennzeichen"
"4_2020-12-24_13-13-45.mp4#t=2.666667.jpg",375.6698074559607,572.2812727603788,398.5354362965998,581.7296749817917,"Kennzeichen"
"4_2020-12-24_13-13-45.mp4#t=2.2.jpg",295.3297828758706,559.2808858339403,308.7167144612864,568.446604151493,"Kennzeichen"
"4_2020-12-24_13-13-45.mp4#t=2.466667.jpg",343.31011880376894,565.9239575746541,358.0274477673085,575.9346549526584,"Kennzeichen"
"4_2020-12-24_13-13-45.mp4#t=3.133333.jpg",462.3607128226137,587.4417334304443,488.52929127406804,597.3909777858704,"Kennzeichen"
"4_2020-12-24_13-13-45.mp4#t=3.266667.jpg",493.30397378123723,596.7027039329935,520.4803359278984,606.3723370356882,"Kennzeichen"
"4_2020-12-24_13-13-45.mp4#t=2.933333.jpg",429.98258910282675,579.050323197378,454.18783285538717,590.3668973051712,"Kennzeichen"
"4_2020-12-24_13-13-45.mp4#t=2.733333.jpg",397.54608766898815,573.4519528404952,419.91089717328964,586.6704979970866,"Kennzeichen"
"4_2020-12-24_13-13-45.mp4#t=3.4.jpg",509.4715280622696,600.3222869628551,535.6001638672676,612.6620538965768,"Kennzeichen"
"4_2020-12-24_13-13-45.mp4#t=3.6.jpg",531.3508807865629,610.7631554989075,562.355591970504,622.4484477421704,"Kennzeichen"
"4_2020-12-24_13-13-45.mp4#t=3.733333.jpg",541.7882015567391,615.0064867079388,573.6962310528472,626.7347960670065,"Kennzeichen"
"4_2020-12-24_13-13-45.mp4#t=4.533333.jpg",563.2312576812782,664.2733749089584,609.706063088898,677.3935952294246,"Kennzeichen"
"4_2020-12-24_13-13-45.mp4#t=4.266667.jpg",563.9410077836952,641.2008375819373,604.1202376075379,652.9629461034231,"Kennzeichen"
"4_2020-12-24_13-13-45.mp4#t=4.jpg",555.9186808684966,626.1725009104151,590.5827529700944,640.8106108885652,"Kennzeichen"
"4_2020-12-24_13-13-45.mp4#t=4.jpg",1872.9352724293324,654.8495538965768,1898.7474395739453,679.2924936270939,"Kennzeichen"
"4_2020-12-24_13-13-45.mp4#t=5.066667.jpg",483.6317083162639,730.6395666423889,541.5239655878739,749.4196103423161,"Kennzeichen"
"4_2020-12-24_13-13-45.mp4#t=4.733333.jpg",546.4338385907415,679.4061817188638,599.336337566571,698.4074563000728,"Kennzeichen"
"4_2020-12-24_13-13-45.mp4#t=5.133333.jpg",462.16099959033187,743.1360387836853,522.7632117984433,763.6582756737072,"Kennzeichen"
"4_2020-12-24_13-13-45.mp4#t=5.2.jpg",427.1743138058173,761.5166378368536,491.38365424006554,782.779383648944,"Kennzeichen"
"4_2020-12-24_13-13-45.mp4#t=4.866667.jpg",522.0380991396969,703.990463401311,579.2359688652192,719.5626593226511,"Kennzeichen"
"4_2020-12-24_13-13-45.mp4#t=5.466667.jpg",352.32793936911105,799.9278495994173,419.2595247849242,827.0009786962855,"Kennzeichen"
"4_2020-12-24_13-13-45.mp4#t=5.666667.jpg",261.46149119213436,846.490804806992,329.81257681278163,874.0063956664238,"Kennzeichen"
"4_2020-12-24_13-13-45.mp4#t=5.333333.jpg",386.33449405981156,784.469341769847,449.8217943465793,804.9669974508375,"Kennzeichen"
"4_2020-12-24_13-13-45.mp4#t=5.533333.jpg",300.7220401474806,827.3113164603059,368.8365424006555,855.4598734522942,"Kennzeichen"
"4_2020-12-24_13-23-05_large.jpg",438.54851643945466,774.9089005702067,504.2441860465116,798.3450641482538,"Kennzeichen"
"4_2020-12-24_13-23-05_large.jpg",1871.860465116279,657.3852904490377,1895.6896551724137,673.7009978617248,"Kennzeichen"
"4_2020-12-24_13-32-48.mp4#t=0.6.jpg",380.12187628021303,564.3999226147123,407.93117574764443,576.7181809905317,"Kennzeichen"
"4_2020-12-24_13-32-48.mp4#t=0.8.jpg",409.26464563703405,569.9614211580481,434.3609176566981,580.8048069919884,"Kennzeichen"
"4_2020-12-24_13-32-48.mp4#t=1.066667.jpg",443.05919705038923,574.253914785142,466.8435067595248,586.4769209759651,"Kennzeichen"
"4_2020-12-24_13-32-48.mp4#t=1.8.jpg",513.4166325276526,592.4409368171887,539.8125768127817,603.7943827385288,"Kennzeichen"
"4_2020-12-24_13-32-48.mp4#t=2.133333.jpg",548.3971732896355,611.0796385651857,582.8799672265466,621.5758148215587,"Kennzeichen"
"4_2020-12-24_13-32-48.mp4#t=1.4.jpg",488.6890618598935,586.5353013474145,517.7396558787383,597.3848324836126,"Kennzeichen"
"4_2020-12-24_13-32-48.mp4#t=2.4.jpg",557.3811962310529,620.4512245083758,592.2849242113888,630.8982383466861,"Kennzeichen"
"4_2020-12-24_13-32-48.mp4#t=2.866667.jpg",552.818517001229,654.121335579024,598.3992216304794,669.4446467589221,"Kennzeichen"
"4_2020-12-24_13-32-48.mp4#t=2.666667.jpg",562.1773863170832,637.5505280407866,600.1444080294962,649.183585214858,"Kennzeichen"
"4_2020-12-24_13-32-48.mp4#t=4.066667.jpg",405.99242113887755,754.4679761471231,461.7431380581729,774.4924435542607,"Kennzeichen"
"4_2020-12-24_13-32-48.mp4#t=3.066667.jpg",546.2709954936502,661.514134195193,592.8471937730438,676.8927530954115,"Kennzeichen"
"4_2020-12-24_13-32-48.mp4#t=3.666667.jpg",491.1409258500615,700.4507693008012,543.3859074149939,720.7671385651857,"Kennzeichen"
"4_2020-12-24_13-32-48.mp4#t=3.2.jpg",529.3076607947563,677.8022578295703,576.9039328144204,689.8992853241078,"Kennzeichen"
"4_2020-12-24_13-32-48.mp4#t=3.866667.jpg",455.1188037689472,726.2180216678805,509.5514133551824,744.3159368171886,"Kennzeichen"
"4_2020-12-24_13-32-48.mp4#t=3.333333.jpg",519.9365014338387,683.3330298616169,568.580499795166,699.1664011289148,"Kennzeichen"
"4_2020-12-24_13-32-48.mp4#t=4.266667.jpg",336.63969684555514,784.4386152585579,397.819541171651,810.5162053896577,"Kennzeichen"
"4_2020-12-24_13-32-48.mp4#t=4.jpg",435.39942646456376,737.1535870356882,492.38529291274074,755.3037372541879,"Kennzeichen"
"4_2020-12-24_13-32-48.mp4#t=4.133333.jpg",380.0788611224908,765.4189047705754,439.5718967636215,788.1503778222869,"Kennzeichen"
"4_2020-12-24_13-32-48.mp4#t=4.466667.jpg",250.64317902498976,823.9129643117261,314.0413764850471,852.2704615804806,"Kennzeichen"
"4_2020-12-24_12-57-40.mp4#t=1.266667.jpg",486.9838181073331,583.3458894756009,516.3693158541581,595.132579206118,"Kennzeichen"
"4_2020-12-24_12-57-40.mp4#t=2.133333.jpg",627.5327734535027,614.0232383466861,655.2099549365015,624.0585169337218,"Kennzeichen"
"4_2020-12-24_12-57-40.mp4#t=1.866667.jpg",582.4498156493241,603.8373998543336,610.6923392052438,615.5933630735616,"Kennzeichen"
"4_2020-12-24_12-57-40.mp4#t=1.666667.jpg",548.8857025809095,597.0345502549162,577.4446947972143,610.8584076839038,"Kennzeichen"
"4_2020-12-24_12-57-40.mp4#t=2.333333.jpg",682.5952478492421,623.655999635834,713.23740270381,635.7038647123088,"Kennzeichen"
"4_2020-12-24_12-57-40.mp4#t=2.2.jpg",667.183531339615,619.1514930808448,695.8961491192135,631.5219865258557,"Kennzeichen"
"4_2020-12-24_12-57-40.mp4#t=2.8.jpg",782.4057763211799,634.216701565914,811.3181073330603,648.7226875455208,"Kennzeichen"
"4_2020-12-24_12-57-40.mp4#t=2.8.jpg",1873.9768537484638,653.9277585579024,1899.266693977878,673.8969182447196,"Kennzeichen"
"4_2020-12-24_12-57-40.mp4#t=2.4.jpg",1873.0827529700944,654.7604470138383,1897.825686194183,674.0382601966496,"Kennzeichen"
"4_2020-12-24_12-57-40.mp4#t=2.4.jpg",709.7163047931176,625.7023852876912,740.3154444899632,640.1469182447196,"Kennzeichen"
"4_2020-12-24_12-57-40.mp4#t=2.666667.jpg",752.2091356001639,631.0641615076474,784.8084801310938,646.1385879461034,"Kennzeichen"
"4_2020-12-24_12-57-40.mp4#t=3.jpg",827.697664891438,638.472323379461,857.6269971323228,652.3269073197378,"Kennzeichen"
"4_2020-12-24_12-57-40.mp4#t=3.133333.jpg",876.9039328144204,645.1676301893664,904.9344530929948,660.7828432265113,"Kennzeichen"
"4_2020-12-24_12-57-40.mp4#t=3.333333.jpg",925.2160999590333,650.8673980335033,955.5049160180255,664.8879051347415,"Kennzeichen"
"4_2020-12-24_12-57-40.mp4#t=3.8.jpg",1025.8900040966817,666.9680899490168,1049.4991806636624,682.4665422432629,"Kennzeichen"
"4_2020-12-24_12-57-40.mp4#t=3.6.jpg",993.1278164686604,660.0392616533139,1022.2521507578862,675.4055899490168,"Kennzeichen"
"4_2020-12-24_12-57-40.mp4#t=3.933333.jpg",1076.1562884063908,672.7938364894392,1099.9866857845145,689.2202294246176,"Kennzeichen"
"4_2020-12-24_12-57-40.mp4#t=4.2.jpg",1135.6185989348628,680.4017206846322,1159.7654649733715,698.5057811361982,"Kennzeichen"
"4_2020-12-24_12-57-40.mp4#t=4.466667.jpg",1209.4510446538304,692.3082438091769,1229.3517001229004,710.5720821194465,"Kennzeichen"
"4_2020-12-24_12-57-40.mp4#t=4.066667.jpg",1105.8705448586645,677.089402767662,1131.0405571487095,697.2275582665695,"Kennzeichen"
"4_2020-12-24_12-57-40.mp4#t=4.4.jpg",1183.3285538713642,690.0652084850692,1208.750512085211,708.0740167516387,"Kennzeichen"
"4_2020-12-24_12-57-40.mp4#t=4.8.jpg",1292.6208521097913,701.0898807356155,1309.0772224498157,721.1235660961398,"Kennzeichen"
"4_2020-12-25_11-03-33.mp4#t=1.466667.jpg",505.5049160180254,608.4617398033503,537.8154444899632,625.0386926438455,"Kennzeichen"
"4_2020-12-25_11-03-33.mp4#t=1.066667.jpg",439.7992625972962,581.1151447560087,468.43814010651374,592.6898215586307,"Kennzeichen"
"4_2020-12-25_11-03-33.mp4#t=0.866667.jpg",410.1249487914789,572.2536189002185,435.55305202785746,585.4230016387472,"Kennzeichen"
"4_2020-12-25_11-03-33.mp4#t=2.133333.jpg",531.6335518230234,670.6921431172615,574.8914379352725,685.1520393299345,"Kennzeichen"
"4_2020-12-25_11-03-33.mp4#t=2.266667.jpg",517.1988938959444,690.1604606700655,566.4082343301926,704.4144892571012,"Kennzeichen"
"4_2020-12-25_11-03-33.mp4#t=2.533333.jpg",501.38467841048754,704.8292971595047,554.2103646046703,724.7861662418062,"Kennzeichen"
"4_2020-12-25_11-03-33.mp4#t=1.666667.jpg",524.7726341663254,629.4786735251274,562.696640721016,643.6712490895848,"Kennzeichen"
"4_2020-12-25_11-03-33.mp4#t=1.866667.jpg",532.1558787382221,646.1324426438456,574.0526423596887,663.8892935178442,"Kennzeichen"
"4_2020-12-25_11-03-33.mp4#t=2.866667.jpg",376.9295370749693,796.7722368900219,438.75153625563297,817.6478286598689,"Kennzeichen"
"4_2020-12-25_11-03-33.mp4#t=2.666667.jpg",463.19029086439986,740.6717725782956,517.6843506759525,754.6185360524398,"Kennzeichen"
"4_2020-12-25_11-03-33.mp4#t=3.133333.jpg",284.98463744367064,845.264817006555,350.38918476034416,872.0306809905317,"Kennzeichen"
"4_2020-12-25_11-03-33.mp4#t=2.8.jpg",407.6454321999181,776.7139703204662,465.98320360507995,798.5082847778588,"Kennzeichen"
"4_2020-12-25_11-03-33.mp4#t=3.jpg",323.71364195002053,823.5657547341588,390.2396558787383,849.2715540786598,"Kennzeichen"
"4_2020-12-25_11-15-57_large.jpg",241.5848035284683,812.0447255880256,303.5425020048115,840.7640992516036,"Kennzeichen"
"4_2020-12-25_11-35-51_large.jpg",239.81956696070569,846.5795393799002,309.16900561347234,882.2058758018532,"Kennzeichen"
"4_2020-12-25_12-00-05_large.jpg",680.7828789093825,654.5527441197434,722.6463512429831,667.6540226300783,"Kennzeichen"
"4_2020-12-25_12-00-05_large.jpg",1871.6469526864475,660.2809827156094,1896.4204089815557,676.0283766928011,"Kennzeichen"
"4_2020-12-25_12-03-06_large.jpg",448.6888532477947,707.8449082323592,508.574578989575,729.0198458660014,"Kennzeichen"
"4_2020-12-25_12-12-35_large.jpg",307.9901764234162,803.2012874198147,368.9554931836407,837.2880657519601,"Kennzeichen"
"4_2020-12-26_09-43-58_large.jpg",391.76222935044103,787.3997683535281,451.4915797914996,813.7075686029935,"Kennzeichen"
"4_2020-12-26_11-56-16_large.jpg",874.354450681636,682.141504811119,897.2604250200482,699.3081789023521,"Kennzeichen"
"4_2020-12-26_11-56-16_large.jpg",1872.0890136327184,678.3136582323592,1897.6924619085805,695.9343816821098,"Kennzeichen"
"4_2020-12-26_13-33-53_large.jpg",425.1002405773857,767.3313880969351,480.4330392943063,791.2396427298646,"Kennzeichen"
"4_2020-12-26_11-56-16.mp4#t=18.333333.jpg",560.0942236788202,663.9876183539694,603.1923392052438,677.451975600874,"Kennzeichen"
"4_2020-12-26_13-33-53.mp4#t=1.133333.jpg",341.4911921343712,592.3825564457393,366.8271200327735,601.8432492716679,"Kennzeichen"
"4_2020-12-26_13-33-53.mp4#t=1.466667.jpg",382.76116345759937,594.6194464675892,406.42564522736586,606.6642388929351,"Kennzeichen"
"4_2020-12-26_13-33-53.mp4#t=1.933333.jpg",435.6943875460877,599.5848506919156,459.93035641130683,613.7989348142754,"Kennzeichen"
"4_2020-12-26_13-33-53.mp4#t=2.2.jpg",459.19295370749694,598.4110979606701,488.0100368701352,614.4841360160233,"Kennzeichen"
"4_2020-12-26_13-33-53.mp4#t=1.666667.jpg",408.83756657107745,597.8703113619811,433.5036870135191,609.8597960670065,"Kennzeichen"
"4_2020-12-26_13-33-53.mp4#t=2.933333.jpg",573.4012699713232,616.0573333940276,597.7140516181893,629.4418017115804,"Kennzeichen"
"4_2020-12-26_13-33-53.mp4#t=3.2.jpg",599.7664891437936,619.9841815367807,624.9180663662435,632.916970138383,"Kennzeichen"
"4_2020-12-26_13-33-53.mp4#t=2.466667.jpg",514.218557968046,605.877640203933,539.4192953707498,619.4403222869628,"Kennzeichen"
"4_2020-12-26_13-33-53.mp4#t=2.333333.jpg",490.4004506349857,604.651652403496,512.0524375256043,616.5182310633649,"Kennzeichen"
"4_2020-12-26_13-33-53.mp4#t=4.jpg",659.0997541990988,634.434859796067,688.5436296599755,650.9718681718864,"Kennzeichen"
"4_2020-12-26_13-33-53.mp4#t=5.333333.jpg",721.8926669397788,672.6985843044429,757.598320360508,687.5333439548434,"Kennzeichen"
"4_2020-12-26_13-33-53.mp4#t=5.8.jpg",723.3981974600574,683.1056536780771,762.9229823842688,698.3767297887837,"Kennzeichen"
"4_2020-12-26_13-33-53.mp4#t=6.266667.jpg",712.2603441212618,701.0530089220684,758.8580499795166,719.3629369992716,"Kennzeichen"
"4_2020-12-26_13-33-53.mp4#t=4.333333.jpg",679.4582138467841,642.7863255644573,708.8037689471529,658.8224918062637,"Kennzeichen"
"4_2020-12-26_13-33-53.mp4#t=4.733333.jpg",704.0321589512496,655.239780589949,736.0016386726752,671.5955025491623,"Kennzeichen"
"4_2020-12-26_13-33-53.mp4#t=6.933333.jpg",655.6954117165096,726.3562909686817,707.918885702581,743.9595092862345,"Kennzeichen"
"4_2020-12-26_13-33-53.mp4#t=7.466667.jpg",574.3015157722245,748.2888747268754,633.7085210979108,763.4001729788783,"Kennzeichen"
"4_2020-12-26_13-33-53.mp4#t=6.6.jpg",688.9952888160591,713.5556263656227,738.0970913560018,730.8761607793153,"Kennzeichen"
"4_2020-12-26_13-33-53.mp4#t=7.2.jpg",624.6138877509218,735.285415149308,680.7855387136419,752.3539921704297,"Kennzeichen"
"4_2020-12-26_13-33-53.mp4#t=7.333333.jpg",606.3785333879558,738.8281819009468,662.8359278984024,756.2163146394755,"Kennzeichen"
"4_2020-12-26_13-33-53.mp4#t=8.866667.jpg",383.38181073330605,772.5843272032047,428.9133551823024,797.1133011653314,"Kennzeichen"
"4_2020-12-26_13-33-53.mp4#t=7.8.jpg",539.6251536255634,750.9037008375819,598.1073330602213,772.5812545520757,"Kennzeichen"
"4_2020-12-26_13-33-53.mp4#t=8.133333.jpg",475.60016386726755,761.4736207210487,533.139082343302,784.3740895848506,"Kennzeichen"
"4_2020-12-26_13-33-53.mp4#t=8.6.jpg",398.627611634576,770.0125182083029,452.1138877509218,793.5643891114348,"Kennzeichen"
"4_2020-12-26_13-33-53.mp4#t=8.4.jpg",426.96231052847196,768.101329206118,481.31503482179437,793.7456755280407,"Kennzeichen"
"4_2020-12-26_13-33-53.mp4#t=9.133333.jpg",361.7359688652192,774.1790331391114,410.6595657517411,798.1580025491625,"Kennzeichen"
"4_2020-12-26_13-33-53.mp4#t=15.066667.jpg",555.1628430970914,691.0791833576111,593.7105694387546,706.7742853241078,"Kennzeichen"
"4_2020-12-26_13-33-53.mp4#t=14.066667.jpg",541.3027447767308,711.1343772760379,585.6237197869725,730.5996221777131,"Kennzeichen"
"4_2020-12-26_13-33-53.mp4#t=29.866667.jpg",878.1421548545678,624.1168973051712,897.2132322818517,636.6410233066279,"Kennzeichen"
"4_2020-12-26_13-33-53.mp4#t=22.666667.jpg",676.938754608767,631.6694737800437,687.1179844326097,645.683835579024,"Kennzeichen"
"4_2020-12-24_13-13-45.mp4#t=0.533333.jpg",104.02908643998362,528.8309131463948,117.02580909463335,534.3002321558631,"Kennzeichen"
"4_2020-12-24_12-34-00.mp4#t=2.6.jpg",513.7546087668989,682.9274399126001,563.9195002048341,701.10524399126,"Kennzeichen"
"4_2020-12-24_12-34-00.mp4#t=2.466667.jpg",532.6597705858255,666.6116624180627,584.3086849651783,685.600646394756,"Kennzeichen"
"4_2020-12-24_12-34-00.mp4#t=3.2.jpg",331.8158541581319,776.0410597232338,396.1142974190905,799.9862299708668,"Kennzeichen"
"4_2020-12-24_12-34-00.mp4#t=2.933333.jpg",426.0006145022532,732.0683494173343,486.6212617779599,756.0104470138383,"Kennzeichen"
"4_2020-12-24_12-34-00.mp4#t=2.8.jpg",460.9535026628431,713.5740622723962,521.5004096681688,735.1471458485069,"Kennzeichen"
"4_2020-12-24_12-34-00.mp4#t=3.066667.jpg",381.2156902908644,752.9285779315368,444.76751331421553,778.8248816460306,"Kennzeichen"
"4_2020-12-24_12-34-00.mp4#t=3.333333.jpg",270.2795985251946,796.3727922432629,337.8779188857026,831.3979424617626,"Kennzeichen"
"4_2020-12-24_15-19-54.mp4#t=1.8.jpg",339.04547316673495,817.214584850692,406.9879147890209,850.4391615076476,"Kennzeichen"
"4_2020-12-24_15-19-54.mp4#t=3.jpg",575.465997541991,667.6778723597961,624.9610815239656,681.888883831027,"Kennzeichen"
"4_2020-12-24_15-19-54.mp4#t=2.8.jpg",558.382834903728,681.3204433721777,613.4637443670628,702.8750910415149,"Kennzeichen"
"4_2020-12-24_15-19-54.mp4#t=3.666667.jpg",572.7929127406801,621.022737618354,612.674108971733,634.9971549526584,"Kennzeichen"
"4_2020-12-24_15-19-54.mp4#t=3.266667.jpg",584.6650962720197,644.3902494537509,629.2195821384679,657.98365804807,"Kennzeichen"
"4_2020-12-24_15-19-54.mp4#t=4.533333.jpg",493.59278984022944,586.54759195193,524.2625972961902,597.5569009468317,"Kennzeichen"
"4_2020-12-24_15-19-54.mp4#t=4.jpg",559.4827939369111,611.1841087035688,594.9610815239656,622.6727512745812,"Kennzeichen"
"4_2020-12-24_15-19-54.mp4#t=4.333333.jpg",518.9225727161,594.5979379096868,548.0284719377305,604.147737618354,"Kennzeichen"
"4_2020-12-24_15-19-54.mp4#t=4.133333.jpg",542.1476853748464,601.4898943918427,576.8947152806228,614.4902813182811,"Kennzeichen"
"4_2020-12-24_15-19-54.mp4#t=4.733333.jpg",471.4983613273249,579.2377549162418,499.19397787791894,590.7294701383831,"Kennzeichen"
"4_2020-12-24_15-19-54.mp4#t=5.133333.jpg",432.9967226546498,571.0983020757466,455.80090126997135,581.4347004734159,"Kennzeichen"
"4_2020-12-24_16-02-36.mp4#t=2.266667.jpg",480.0307251126588,739.2337718499635,539.0997541990988,761.3445693736344,"Kennzeichen"
"4_2020-12-24_16-02-36.mp4#t=1.866667.jpg",349.3168783285539,823.0218954843408,417.0473166734945,853.6377913328478,"Kennzeichen"
"4_2020-12-24_16-02-36.mp4#t=2.133333.jpg",430.1945923801721,768.2457438091769,499.9805407619828,796.8459805171158,"Kennzeichen"
"4_2020-12-24_16-02-36.mp4#t=2.466667.jpg",509.044448996313,712.4986343772761,566.3560016386728,731.4968363073561,"Kennzeichen"
"4_2020-12-24_16-02-36.mp4#t=2.6.jpg",531.1511675542811,690.1205162053897,580.2898402294143,703.8798479606701,"Kennzeichen"
"4_2020-12-24_16-02-36.mp4#t=2.8.jpg",542.968045882835,667.8806673343045,591.9100778369522,682.2299481063365,"Kennzeichen"
"4_2020-12-24_16-02-36.mp4#t=3.8.jpg",518.2435477263417,605.7055717407137,552.9076198279395,622.6666059723233,"Kennzeichen"
"4_2020-12-24_16-02-36.mp4#t=3.2.jpg",544.6671446128636,638.0114257101238,586.7206063088898,650.953432265113,"Kennzeichen"
"4_2020-12-24_16-02-36.mp4#t=3.466667.jpg",536.1962310528472,624.2766751638748,575.3461696026219,637.3784595775674,"Kennzeichen"
"4_2020-12-24_16-04-42_large.jpg",409.1409382518043,759.7568825730577,469.65817963111465,788.3740199572345,"Kennzeichen"
"4_2020-12-24_16-02-36.mp4#t=4.jpg",498.6716509627202,597.7873497815003,530.7578861122491,609.9273943918427,"Kennzeichen"
"4_2020-12-24_16-02-36.mp4#t=4.4.jpg",457.99467431380583,580.9031318281136,487.58910282671036,592.2289238892935,"Kennzeichen"
"4_2020-12-24_16-02-36.mp4#t=4.6.jpg",433.19029086439986,572.8620038237436,460.05325686194186,588.0224644938091,"Kennzeichen"
"4_2020-12-24_16-02-36.mp4#t=4.2.jpg",479.35170012290047,588.1699517479971,509.47460057353544,602.7189548434086,"Kennzeichen"
"4_2020-12-24_16-07-42.mp4#t=2.133333.jpg",354.62925030725114,764.6630325928624,424.2953707496928,796.695420611799,"Kennzeichen"
"4_2020-12-24_16-07-42.mp4#t=2.466667.jpg",464.0567390413765,708.3321194464676,523.4176566980746,727.8864712308813,"Kennzeichen"
"4_2020-12-24_16-07-42.mp4#t=2.333333.jpg",437.0247849242114,723.3758193736344,498.17083162638266,744.3374453750911,"Kennzeichen"
"4_2020-12-24_16-07-42.mp4#t=1.933333.jpg",284.2318721835314,806.0639339038602,348.677795985252,835.131213583394,"Kennzeichen"
"4_2020-12-24_16-07-42.mp4#t=2.8.jpg",520.7875870544859,665.7236662418063,570.0860303154445,680.9179260742899,"Kennzeichen"
"4_2020-12-24_16-07-42.mp4#t=2.933333.jpg",529.6609995903318,653.7526174435543,577.9731667349447,670.1206300072834,"Kennzeichen"
"4_2020-12-24_16-07-42.mp4#t=3.4.jpg",537.3084801310938,621.7847550983248,578.9901679639491,637.857793153678,"Kennzeichen"
"4_2020-12-24_16-07-42.mp4#t=3.133333.jpg",538.162638263007,637.931536780772,584.7603441212618,653.1288692643845,"Kennzeichen"
"4_2020-12-24_16-07-42.mp4#t=2.6.jpg",496.9233920524376,684.4699107793153,550.9135600163868,702.8935269482884,"Kennzeichen"
"4_2020-12-24_16-07-42.mp4#t=4.133333.jpg",501.4031134780828,590.4775127458121,533.5507988529291,603.4379552075746,"Kennzeichen"
"4_2020-12-24_16-07-42.mp4#t=3.866667.jpg",515.2509217533798,597.9594182447196,552.45288816059,611.285506190823,"Kennzeichen"
"4_2020-12-24_16-07-42.mp4#t=4.733333.jpg",437.0032773453503,565.5675300436999,466.5608357230643,578.687750364166,"Kennzeichen"
"4_2020-12-24_16-07-42.mp4#t=4.6.jpg",462.5880786562884,575.734932629279,491.04875051208523,583.665445193008,"Kennzeichen"
"4_2020-12-24_16-07-42.mp4#t=3.6.jpg",530.7302335108562,611.174890750182,567.5112658746416,626.3568599781499,"Kennzeichen"
"4_2020-12-24_16-40-58_large.jpg",542.2644346431435,682.3489843193157,596.7792702485966,701.6445785816107,"Kennzeichen"
"4_2020-12-24_16-14-08_large.jpg",450.2225340817963,735.4005924803992,515.8610665597433,758.5571097647897,"Kennzeichen"
"4_2020-12-24_16-39-14_large.jpg",528.202686447474,644.5636582323592,579.0637530072173,666.4722915181753,"Kennzeichen"
"4_2020-12-24_16-07-42.mp4#t=5.2.jpg",373.6112249078247,552.9389339038602,398.4248258910283,563.5242170429716,"Kennzeichen"
"4_2020-12-24_16-07-42.mp4#t=5.jpg",397.42625972961906,557.4864575746541,424.08336747234745,568.919792425346,"Kennzeichen"
"4_2020-12-25_10-01-32_large.jpg",172.09101844426624,854.7824973271561,237.31455493183643,876.0356156450463,"Kennzeichen"
"4_2020-12-25_13-59-28_large.jpg",394.9258219727346,787.649345153243,458.5735765838011,811.1306129722024,"Kennzeichen"
"4_2020-12-24_16-45-02_large.jpg",269.36547714514836,816.7325596935138,346.36828388131516,855.8740199572344,"Kennzeichen"
"4_2020-12-24_12-34-00.mp4#t=0.733333.jpg",414.3127816468661,564.4890294974508,438.5149528881606,576.4815868536052,"Kennzeichen"
"4_2020-12-24_13-03-33.mp4#t=1.jpg",187.84719377304384,540.4885515294975,211.86194182712003,553.9959258922069,"Kennzeichen"
"4_2020-12-24_12-34-00.mp4#t=0.8.jpg",432.62187628021303,567.0086034231609,460.2959852519459,581.3886107064822,"Kennzeichen"
"4_2020-12-24_12-34-00.mp4#t=1.jpg",470.785538713642,575.6519710487983,498.0448586644818,588.6707938820102,"Kennzeichen"
"4_2020-12-24_13-13-45.mp4#t=0.933333.jpg",207.6648914379353,513.1849735979607,218.33265055305205,521.0663237436271,"Kennzeichen"
"4_2020-12-24_13-13-45.mp4#t=0.933333.jpg",140.41069233920524,535.6829251638748,161.82916837361736,543.4936043335762,"Kennzeichen"
"4_2020-12-24_13-13-45.mp4#t=0.8.jpg",131.00573535436297,533.3231290968681,146.9827939369111,540.4824062272396,"Kennzeichen"
"4_2020-12-24_13-13-45.mp4#t=1.066667.jpg",157.8041786153216,536.6323743627094,175.14543219991808,546.99335396941,"Kennzeichen"
"4_2020-12-24_13-13-45.mp4#t=1.jpg",1879.1263826300697,658.3861753459578,1897.7335108562065,673.8723370356882,"Kennzeichen"
"4_2020-12-24_13-03-33.mp4#t=3.8.jpg",505.02867677181484,574.5611798980335,529.9590331831217,587.272737618354,"Kennzeichen"
"4_2020-12-24_12-57-40.mp4#t=0.6.jpg",396.8271200327735,565.0728332119446,420.1997132322819,574.6287782228696,"Kennzeichen"
"4_2020-12-24_12-57-40.mp4#t=0.733333.jpg",410.6595657517411,567.2667061179898,436.9448996312987,577.9349508375819,"Kennzeichen"
"4_2020-12-24_12-57-40.mp4#t=0.933333.jpg",437.2890208930766,572.8589311726147,463.51904956984845,583.1646030589949,"Kennzeichen"
"4_2020-12-24_13-13-45.mp4#t=1.133333.jpg",174.5002048340844,540.1997223233794,194.1888570258091,549.4606928259286,"Kennzeichen"
"4_2020-12-24_12-57-40.mp4#t=1.066667.jpg",465.55919705038923,578.2729424617626,492.63416632527657,589.5741533139111,"Kennzeichen"
"4_2020-12-24_12-57-40.mp4#t=7.466667.jpg",1559.0383039737812,679.3754552075746,1579.9897582957803,707.2505462490896,"Kennzeichen"
"4_2020-12-24_12-57-40.mp4#t=7.733333.jpg",1870.615526423597,654.0598825564457,1899.146866038509,673.9645165695557,"Kennzeichen"
"4_2020-12-24_12-57-40.mp4#t=7.733333.jpg",1633.3224088488325,689.0143617989803,1657.0329782875872,714.0042334304443,"Kennzeichen"
"4_2020-12-24_12-57-40.mp4#t=1.466667.jpg",516.8609176566981,590.2378459577567,544.2216304793118,603.7022032046613,"Kennzeichen"
"4_2020-12-24_12-57-40.mp4#t=7.666667.jpg",1608.9051618189267,687.511835396941,1638.4934453092994,713.7399854333577,"Kennzeichen"
"4_2020-12-24_12-57-40.mp4#t=7.866667.jpg",1665.3287587054488,692.0501411143481,1688.3295780417864,713.7768572469046,"Kennzeichen"
"4_2020-12-26_11-56-16.mp4#t=0.533333.jpg",498.161614092585,625.9666332847778,529.8484227775502,638.8072423525127,"Kennzeichen"
"4_2020-12-24_12-57-40.mp4#t=8.jpg",1691.8598934862762,689.2540285870357,1718.0223269151988,713.8137290604516,"Kennzeichen"
"4_2020-12-24_12-57-40.mp4#t=8.266667.jpg",1765.1669397787794,694.4283730881282,1792.208111429742,714.69557993445,"Kennzeichen"
"4_2020-12-24_12-57-40.mp4#t=8.466667.jpg",1802.8635804997953,689.3246995630008,1836.4092585006147,714.594182447196,"Kennzeichen"
"4_2020-12-24_12-57-40.mp4#t=8.133333.jpg",1738.9031134780828,693.5311589584851,1766.8199508398197,716.2257601966497,"Kennzeichen"
"4_2020-12-26_11-56-16.mp4#t=1.8.jpg",642.6679639492012,661.8705617261471,675.3379762392462,675.4578250182083,"Kennzeichen"
"4_2020-12-26_11-56-16.mp4#t=2.jpg",683.212822613683,668.040445193008,714.6722654649734,682.9397305171159,"Kennzeichen"
"4_2020-12-26_11-56-16.mp4#t=0.733333.jpg",516.7441622285949,629.8135924981792,547.9854567800082,641.720115622724,"Kennzeichen"
"4_2020-12-26_11-56-16.mp4#t=1.666667.jpg",600.5131093814011,653.6143481427531,633.3643998361329,666.7622223233794,"Kennzeichen"
"4_2020-12-26_11-56-16.mp4#t=2.466667.jpg",760.6093814010652,675.903359431901,789.2390413764851,692.8981928259286,"Kennzeichen"
"4_2020-12-26_11-56-16.mp4#t=3.333333.jpg",910.317492830807,682.537213219228,929.0997541990987,698.8591360160233,"Kennzeichen"
"4_2020-12-26_11-56-16.mp4#t=2.666667.jpg",797.8512904547317,677.6394073197378,826.3949201147071,694.1856336489438,"Kennzeichen"
"4_2020-12-26_11-56-16.mp4#t=3.2.jpg",888.333674723474,681.1852467225054,911.862965997542,700.8655772032047,"Kennzeichen"
"4_2020-12-26_11-56-16.mp4#t=3.066667.jpg",852.0811142974192,679.9285324107793,875.5059401884474,698.5610888565186,"Kennzeichen"
"4_2020-12-26_11-56-16.mp4#t=3.466667.jpg",941.057968045883,682.6140294974508,960.2765260139288,703.0317962490896,"Kennzeichen"
"4_2020-12-26_11-56-16.mp4#t=4.jpg",1010.6780008193364,687.2168608885652,1029.1560835723064,709.3676028769119,"Kennzeichen"
"4_2020-12-26_11-56-16.mp4#t=4.533333.jpg",1088.2988529291274,688.3813956664239,1097.670012290045,712.5139976329207,"Kennzeichen"
"4_2020-12-26_11-56-16.mp4#t=11.2.jpg",630.516181892667,671.0086261835397,649.2492830807047,689.281682447196,"Kennzeichen"
"4_2020-12-26_11-56-16.mp4#t=4.333333.jpg",1061.0272429332242,690.0283366715222,1074.2390413764851,712.9011516751639,"Kennzeichen"
"4_2020-12-26_11-56-16.mp4#t=3.733333.jpg",981.3539532978289,684.4729834304443,1001.3437115936093,705.6005325928624,"Kennzeichen"
"4_2020-12-26_11-56-16.mp4#t=11.533333.jpg",599.142769356821,676.4994537509104,622.2634166325277,693.3713810997815,"Kennzeichen"
"4_2020-12-26_11-56-16.mp4#t=12.333333.jpg",525.2826710364606,685.8249499271668,556.7083162638264,702.9918517844137,"Kennzeichen"
"4_2020-12-26_11-56-16.mp4#t=11.866667.jpg",557.6300696435887,681.5386016023307,583.7617779598526,700.7979788783686,"Kennzeichen"
"4_2020-12-26_11-56-16.mp4#t=12.933333.jpg",492.17636214666123,691.4909186088856,526.6437935272429,712.7260105608157,"Kennzeichen"
"4_2020-12-26_11-56-16.mp4#t=12.466667.jpg",511.5546907005326,688.9160369628551,543.4688652191725,706.5223279315368,"Kennzeichen"
"4_2020-12-26_11-56-16.mp4#t=13.666667.jpg",448.6573125768128,702.4725737436271,488.58152396558785,718.5302485433358,"Kennzeichen"
"4_2020-12-26_11-56-16.mp4#t=14.666667.jpg",435.0276526013929,707.6192643845593,476.2453912331012,726.454615804807,"Kennzeichen"
"4_2020-12-26_11-56-16.mp4#t=14.066667.jpg",439.95596067185585,706.3840586307356,481.4348627611635,724.1040376911872,"Kennzeichen"
"4_2020-12-26_11-56-16.mp4#t=13.266667.jpg",466.72060630888984,696.4747587399854,503.5477263416633,718.702317006555,"Kennzeichen"
"4_2020-12-26_11-56-16.mp4#t=16.666667.jpg",460.28062269561656,699.26472596504,504.3465792707907,715.3162554624909,"Kennzeichen"
"4_2020-12-26_11-56-16.mp4#t=17.8.jpg",530.1526013928718,678.6564548434086,575.6257681278165,694.471390203933,"Kennzeichen"
"4_2020-12-26_11-56-16.mp4#t=19.533333.jpg",506.3222040147481,616.8562226875455,540.1351904956986,629.4817461762564,"Kennzeichen"
"4_2020-12-26_11-56-16.mp4#t=19.066667.jpg",551.6294551413356,633.9340176620539,588.677795985252,646.5011607793153,"Kennzeichen"
"4_2020-12-26_11-56-16.mp4#t=19.8.jpg",470.8193363375666,607.4723461398397,498.554895534617,620.0241260014566,"Kennzeichen"
"4_2020-12-26_11-56-16.mp4#t=20.2.jpg",409.3199508398198,595.3323015294975,438.9420319541172,608.6645347778588,"Kennzeichen"
"4_2020-12-26_13-33-53.mp4#t=12.333333.jpg",473.2066775911512,745.7846640568099,524.2687423187219,768.2764703204662,"Kennzeichen"
"4_2020-12-26_11-56-16.mp4#t=20.666667.jpg",335.83469889389596,584.4735524399126,358.6573125768128,594.9267115804807,"Kennzeichen"
"4_2020-12-26_13-33-53.mp4#t=15.8.jpg",553.8662433428923,676.4564366351057,589.6794346579271,697.8390158412236,"Kennzeichen"
"4_2020-12-26_11-56-16.mp4#t=20.533333.jpg",347.206063088898,587.0637973415878,374.4408029496108,598.5462946103423,"Kennzeichen"
"4_2020-12-26_11-56-16.mp4#t=20.4.jpg",377.52253174928313,590.5666196285506,407.7191724702991,604.4857292425346,"Kennzeichen"
"4_2020-12-26_13-33-53.mp4#t=17.133333.jpg",568.6972552232692,660.5216678805535,593.6890618598935,678.0327066642388,"Kennzeichen"
"4_2020-12-26_13-33-53.mp4#t=19.jpg",595.5110610405571,645.7483612527312,612.64645637034,662.0026857246904,"Kennzeichen"
"4_2020-12-26_13-33-53.mp4#t=16.266667.jpg",556.5331831216715,669.880963219228,588.3060221220812,688.3506691551347,"Kennzeichen"
"4_2020-12-26_13-33-53.mp4#t=16.6.jpg",562.429332240885,665.5239439184268,591.5229414174519,684.267115804807,"Kennzeichen"
"4_2020-12-26_13-33-53.mp4#t=19.333333.jpg",598.6142974190906,644.6882966132556,617.5071691929537,661.4618991260014,"Kennzeichen"
"4_2020-12-26_13-33-53.mp4#t=21.666667.jpg",644.5852109791069,634.1859750546249,657.5174108971732,649.1897305171158,"Kennzeichen"
"4_2020-12-26_13-33-53.mp4#t=21.066667.jpg",621.8517001229005,637.9960624544792,637.429332240885,655.639225236708,"Kennzeichen"
"4_2020-12-26_13-33-53.mp4#t=20.533333.jpg",610.981155264236,640.3343499635833,627.1917247029907,657.3230380553532,"Kennzeichen"
"4_2020-12-26_13-33-53.mp4#t=22.2.jpg",660.5684145841868,632.4345639111435,673.8017206063089,646.8391524034961,"Kennzeichen"
"4_2020-12-26_13-33-53.mp4#t=23.466667.jpg",715.2498975829578,628.3417926074289,727.2326915198689,642.7217998907502,"Kennzeichen"
"4_2020-12-26_13-33-53.mp4#t=26.333333.jpg",803.0991396968456,625.6132784049527,821.6386726751332,640.7675937727604,"Kennzeichen"
"4_2020-12-26_13-33-53.mp4#t=29.jpg",854.9569848422778,625.8252913328478,872.1476853748464,639.3541742534595,"Kennzeichen"
"4_2020-12-26_13-33-53.mp4#t=30.2.jpg",885.5038918476035,625.3736116168973,902.5778369520689,636.2077794974508,"Kennzeichen"
"4_2020-12-26_13-33-53.mp4#t=25.533333.jpg",788.4125358459648,626.5473643481428,805.9289225727161,641.468158230153,"Kennzeichen"
"4_2020-12-26_13-33-53.mp4#t=24.6.jpg",751.2228594838182,626.4336762563729,769.5565342072922,641.9167652949745,"Kennzeichen"
"4_2020-12-24_16-02-36.mp4#t=5.066667.jpg",370.8951249487915,562.9588492352513,395.293936911102,572.8988756372905,"Kennzeichen"
"4_2020-12-24_16-02-36.mp4#t=5.2.jpg",354.21753379762396,560.3470957756737,379.99590331831223,570.6251138018936,"Kennzeichen"
"4_2020-12-24_16-02-36.mp4#t=4.866667.jpg",392.206063088898,563.7300846686089,419.118189266694,576.960920429716,"Kennzeichen"
"4_2020-12-24_15-19-54.mp4#t=5.4.jpg",395.5028676771815,564.8393117261471,424.2216304793118,574.7393936635106,"Kennzeichen"
"4_2020-12-24_15-19-54.mp4#t=1.666667.jpg",271.3703400245801,858.6308494173343,337.09750102417047,889.9811088856518,"Kennzeichen"
"4_2020-12-24_16-02-36.mp4#t=5.333333.jpg",345.44551413355185,558.8537873270211,370.2591151167555,569.5650491624181,"Kennzeichen"
"4_2020-12-24_13-00-15.mp4#t=1.6.jpg",289.13867267513314,854.098689002185,361.80356411306843,888.245060997815,"Kennzeichen"
"4_2020-12-24_13-00-15.mp4#t=1.866667.jpg",385.0102417042196,795.1283685360524,456.63662433428925,825.1389521121631,"Kennzeichen"
"4_2020-12-24_16-07-42.mp4#t=5.466667.jpg",336.3877509217534,543.0941596868172,360.68824252355597,557.7476329206117,"Kennzeichen"
"4_2020-12-24_16-07-42.mp4#t=5.333333.jpg",348.02642359688656,550.026060633649,374.62208111429743,561.3487800437,"Kennzeichen"
"4_2020-12-24_16-07-42.mp4#t=5.333333.jpg",1872.8031544448997,656.2230289512017,1898.6921343711595,675.6360387836853,"Kennzeichen"
"4_2020-12-24_13-00-15.mp4#t=2.666667.jpg",556.3119623105285,655.2029087764021,604.0772224498157,672.4159004005827,"Kennzeichen"
"4_2020-12-24_13-00-15.mp4#t=2.133333.jpg",497.82056534207294,716.0383284777859,557.8820155673905,740.9052940640933,"Kennzeichen"
"4_2020-12-24_13-00-15.mp4#t=2.466667.jpg",542.6669397787792,678.8039420975965,594.6630479311758,694.4621722505462,"Kennzeichen"
"4_2020-12-24_13-00-15.mp4#t=3.066667.jpg",551.349856616141,619.1883648943918,592.0575583777141,633.1197651128915,"Kennzeichen"
"4_2020-12-24_13-00-15.mp4#t=3.333333.jpg",529.9405981155264,596.8348279315368,563.0438344940599,610.2715313182812,"Kennzeichen"
"4_2020-12-24_13-00-15.mp4#t=3.6.jpg",491.0948381810734,580.9768754552076,524.5944285129046,593.3166423889294,"Kennzeichen"
"4_2020-12-24_13-00-15.mp4#t=3.866667.jpg",445.53564113068416,566.934859796067,474.976444080295,578.1623270211217,"Kennzeichen"
"4_2020-12-24_13-00-15.mp4#t=4.2.jpg",393.53953297828764,558.1716587764021,421.85272429332247,569.3407456300073,"Kennzeichen"